
--GUNS DATA

INSERT INTO GUNS(id, NAME, GUN_TYPE,MAGAZINE,CALIBER,PRICE,IMAGE,FIREARMS_TYPE,BIO)
VALUES ( 1,'Glock-19', 'Handgun', 15, '9x19 mm', 8, '/images/glock19.png','Semi-Auto','The Glock 19 is a popular 9mm semi-automatic pistol known for its reliability,
                                                                  compact size, and versatility. It is widely used by military, law enforcement, and civilians.
                                                                  Introduced in 1988, the Glock 19 has a standard magazine capacity of 15 rounds, a polymer frame,
                                                                  and is a popular choice for concealed carry due to its balance of size and firepower.');

INSERT INTO GUNS( id,NAME, GUN_TYPE, MAGAZINE, CALIBER, PRICE,IMAGE,FIREARMS_TYPE,BIO)
VALUES ( 2,'Desert Eagle', 'Handgun', 8, '.44 Magnum', 8, '/images/desert_eagle.png','Semi-Auto','The Desert Eagle is a powerful semi-automatic pistol
                                                                        known for its distinctive appearance and high-caliber ammunition.
                                                                        It was designed by Magnum Research in the United States
                                                                        and is often used in movies and video games due to its iconic look and reputation for firepower.');

INSERT INTO GUNS(id, NAME, GUN_TYPE, MAGAZINE, CALIBER, PRICE, IMAGE, FIREARMS_TYPE, BIO)
VALUES (3,'Walther P22 Junior', 'Handgun', 10, '.22 LR', 9, '/images/waltherp22junior.png ','Semi-Auto','The Walther P22 Junior is a compact and lightweight semi-automatic pistol
                                                                           designed for younger shooters or those with smaller hands.
                                                                           Its essentially a scaled-down version of the Walther P22,
                                                                           featuring a smaller frame and reduced dimensions for easier handling.
                                                                           It typically fires .22 LR ammunition and is often used for target shooting or plinking');

INSERT INTO GUNS (id, NAME, GUN_TYPE, MAGAZINE, CALIBER, PRICE, IMAGE,FIREARMS_TYPE,BIO)
VALUES (4, 'Smith & Wesson 686', 'Handgun', 6, '.38 Special Magnum', 12, '/images/smithandwessen686.png ','Revolver','The Smith & Wesson Model 686 is a popular double-action revolver known for its durability and versatility.
                                                                                      It''s often chambered in .357 Magnum, providing users with the
                                                                                      option to shoot both .357 Magnum and .38 Special cartridges.
                                                                                      The 686 typically features a stainless steel construction, adjustable sights, and a 6 or 7-round cylinder.
                                                                                      It''s well-regarded for its accuracy and is commonly used for target shooting, self-defense, and as a duty sidearm for law enforcement.');

INSERT INTO GUNS(id, NAME, GUN_TYPE, MAGAZINE, CALIBER, PRICE, IMAGE,FIREARMS_TYPE,BIO)
VALUES (5, 'Taurus 95', 'Handgun', 8, '.22 LR', 10, '/images/Taurus_95.png','Revolver','The Taurus Model 95 is a revolver designed and manufactured by the Brazilian firearms company Taurus International.
                                                                                     It is chambered in .38 Special and .357 Magnum. Known for its compact size and reliability,
                                                                                     the Taurus 95 is often chosen for concealed carry.
                                                                                     It typically features a 5-round cylinder and is available in various barrel lengths.
                                                                                     Keep in mind that firearm models may have undergone updates or changes,
                                                                                     so it''s advisable to check for the latest information.');

INSERT INTO GUNS (id, NAME, GUN_TYPE, MAGAZINE, CALIBER, PRICE,IMAGE,FIREARMS_TYPE,BIO)
VALUES (6,'Ruger Super Redhawk', 'Handgun', 6, '44 Special/.44 Magnum Magnum', 12, '/images/Redhawk.png ','Revolver','The Ruger Super Redhawk is a line of double-action revolvers manufactured by Sturm, Ruger & Co.
                                                                                                            The Super Redhawk was first introduced in 1987 as a powerful and rugged firearm designed for both hunting and personal defense.
                                                                                                            It is known for its strength, durability, and versatility, making it a popular choice among handgun enthusiasts.');

INSERT INTO GUNS(id,NAME,GUN_TYPE,MAGAZINE,CALIBER, PRICE,IMAGE,FIREARMS_TYPE,BIO)
VALUES (7,'Kalashnikov Classic','Assault Rifle',35,'7.62x25 mm', 15, '/images/kalashnikov.png','Carbine','The Kalashnikov Classic refers to a series of firearms designed by Mikhail Kalashnikov,
                                                                    notably the AK-47 assault rifle. Known for its reliability and widespread use,
                                                                    the Kalashnikov Classic design has become iconic in the realm of firearms since its introduction in the late 1940s.');

INSERT INTO GUNS(id,NAME,GUN_TYPE,MAGAZINE,CALIBER, PRICE,IMAGE,FIREARMS_TYPE,BIO)
VALUES (8,'Steyr Aug','Assault Rifle',30,'5.56x45 mm', 15, '/images/steyr_aug.png','Carbine','The Steyr AUG (Armee-Universal-Gewehr, or Universal Army Rifle) is an Austrian bullpup assault rifle designed in the 1970s.
                                                          Known for its distinctive appearance and modular design, it has a reputation for reliability and accuracy.
                                                          The AUG''s bullpup design allows for a shorter overall length without sacrificing barrel length, making it more maneuverable in tight spaces.
                                                          It has been adopted by various military and law enforcement agencies worldwide.');

INSERT INTO GUNS(id,NAME,GUN_TYPE,MAGAZINE,CALIBER, PRICE,IMAGE,FIREARMS_TYPE,BIO)
VALUES (9,'Mosin Nagant','Sniper Rifle',5,'7.62x54 mm', 15,'/images/mosin_nagant.png','Bolt-Action','The Mosin-Nagant is a bolt-action rifle that originated in Russia
                                                                and became one of the most widely used military rifles in the 20th century.
                                                                It was designed by Russian and Belgian inventors, Sergei Mosin and Léon Nagant.
                                                                Introduced in the late 19th century, it played a significant role in both World War I and World War II.
                                                                Known for its ruggedness and simplicity, the Mosin-Nagant has gained popularity among collectors and enthusiasts.');

INSERT INTO GUNS(id,NAME,GUN_TYPE,MAGAZINE,CALIBER, PRICE, IMAGE,FIREARMS_TYPE,BIO)
VALUES (10,'AR-15','Assault Rifle',30,'5.56x45 mm', 12, '/images/AR15.png','Full-Auto','The AR-15 is a lightweight, magazine-fed, gas-operated, and air-cooled rifle.
                                                                Originally designed by Eugene Stoner in the 1950s, it became the basis for the M16 rifle used by the U.S. military.
                                                                The AR-15 is known for its modular design and is widely used in civilian applications, often customized for various purposes.');

INSERT INTO GUNS(id,NAME,GUN_TYPE,MAGAZINE,CALIBER,PRICE,IMAGE,FIREARMS_TYPE,BIO)
VALUES (11,'UZI','Submachine Gun',25,'9x19 mm',18,'/images/UZI.png','Full-Auto','The UZI is an Israeli submachine gun that gained global recognition.
                                                 Designed in the 1940s by Uziel Gal, it''s known for its compact size and open-bolt, blowback-operated design.
                                                 The Uzi has been used by military and law enforcement worldwide, becoming an iconic firearm.');

INSERT INTO GUNS(id,NAME,GUN_TYPE,MAGAZINE,CALIBER,PRICE,IMAGE,FIREARMS_TYPE,BIO)
VALUES (12,'Mossberg 590A1','Shotgun',8,'12 GA',15,'/images/mossberg590A1.png','Pump-Action','The Mossberg 590A1 is a pump-action shotgun known for its durability and reliability.
                                                               It''s often used by military and law enforcement due to its robust construction and ability to handle heavy loads.
                                                               Features include a 20-inch barrel, 9-round capacity, and a reinforced aluminum receiver.
                                                               The 590A1 is designed to meet rigorous military standards and is popular for home defense and tactical use.');

INSERT INTO GUNS(id,NAME,GUN_TYPE,MAGAZINE,CALIBER,PRICE, IMAGE,FIREARMS_TYPE,BIO)
VALUES (13,'Saiga 12','Shotgun',5,'12 GA',15,'/images/Saiga12.png','Semi-Auto','The Saiga-12 is a Russian-made semi-automatic shotgun designed for both civilian and military use.
                                                            It''s based on the AK-47 platform and is known for its magazine-fed design, typically using detachable box magazines.
                                                            The Saiga-12 is popular for its versatility and adaptability, often used in shooting sports and by military and law enforcement agencies.');

INSERT INTO GUNS(id,NAME,GUN_TYPE,MAGAZINE,CALIBER,PRICE,IMAGE,FIREARMS_TYPE,BIO)
VALUES (14,'M14','Assault Rifle',20,'7.62x51 mm',12,'/images/M14.png','Carbine','The M14 is a selective fire, magazine-fed battle rifle adopted by the United States military in the late 1950s.
                                                           It served as the standard-issue rifle for the U.S. military until it was replaced by the M16 in the 1960s.
                                                           The M14 is known for its 7.62x51mm NATO caliber and distinctive design, featuring a wooden stock.
                                                           It has seen continued use in various roles and is appreciated for its accuracy and stopping power.');

INSERT INTO GUNS(id,NAME,GUN_TYPE,MAGAZINE,CALIBER,PRICE,IMAGE,FIREARMS_TYPE,BIO)
VALUES (15,'M16A1 Vietnam','Assault Rifle',30,'5.56x45 mm',12,'/images/M16A1Vietnam.png','Full-Auto','The M16A1 was the standard issue rifle for U.S. troops during the Vietnam War.
                                                              It replaced the M14 and was known for its lightweight design and selective fire capabilities.
                                                              The rifle had a 20-round magazine and a distinctive forward-assist feature to help chamber rounds.
                                                              However, early versions faced reliability issues due to inadequate cleaning kits and improper ammunition, which were later addressed.
                                                              The M16A1 played a significant role in the conflict and continued to serve in various capacities for decades.');

INSERT INTO GUNS(id,NAME,GUN_TYPE,MAGAZINE,CALIBER, PRICE,IMAGE,FIREARMS_TYPE,BIO)
VALUES (16,'Colt M1911','Handgun',7,'.45 ACP',10,'/images/colt1911.png','Semi-Auto','The Colt M1911 is a renowned semi-automatic pistol designed by John Browning and adopted by the United States military in 1911.
                                                               Known for its .45 ACP caliber and iconic design, it served as the standard-issue sidearm for the U.S. military until 1985.
                                                               The M1911 is celebrated for its reliability, stopping power, and has become a symbol of American military firearms history.');

INSERT INTO GUNS(id,NAME,GUN_TYPE,MAGAZINE,CALIBER, PRICE, IMAGE,FIREARMS_TYPE,BIO)
VALUES (17,'M1 Garand','Sniper Rifle',8,'.30-06 Springfield Ridge',24, '/images/M1GARAND.png','Semi-Auto','The M1 Garand is a semi-automatic rifle that gained prominence during World War II and became the standard-issue rifle for the United States military.
                                                              Designed by Canadian-American firearms engineer John Garand, the M1 Garand is renowned for being the first semi-automatic rifle to be widely adopted by a major military power.');

INSERT INTO GUNS(id,NAME,GUN_TYPE,MAGAZINE,CALIBER, PRICE,IMAGE,FIREARMS_TYPE,BIO)
VALUES (18,'Mauser Kar98K','Sniper Rifle',5,'7,92x57mm',15,'/images/mauser.png','Carbine','The Mauser Karabiner 98 Kurz, commonly known as the Kar98k, is a bolt-action rifle that gained widespread recognition and use during World War II.');










--COMPETITIONS DATA


INSERT INTO COMPETITIONS(ID,TITLE,STARTING_HOUR,ENDING_HOUR,date,PARTICIPATION_PRICE,BIO,OBJECTIVE)
VALUES (1,'Bullseye Shooting','14:00','17:00','2024-05-18',25,'Participants aim to hit the center of a target,
                                     with scoring based on proximity to the bullseye.
                                    Variations include different target sizes and distances.',null);


INSERT INTO COMPETITIONS(ID,TITLE,STARTING_HOUR,ENDING_HOUR,date,
                         PARTICIPATION_PRICE,BIO,OBJECTIVE)
VALUES (2,'Steel Challenge','20:00','22:00','2024-05-25',30,'The Steel Challenge is a dynamic and fast-paced shooting competition
                                    that has captivated enthusiasts worldwide. Born out of a desire to
                                    create a thrilling and accessible shooting sport, the Steel Challenge has grown from
                                    its humble beginnings into one of the most popular shooting disciplines today.',null);

INSERT INTO COMPETITIONS(ID,TITLE,STARTING_HOUR,ENDING_HOUR,date,
                         PARTICIPATION_PRICE,BIO,OBJECTIVE)
VALUES (3,'3 Gun','10:00','18:00','2024-06-06',13,'3 Gun involves using three different firearms
                  (usually rifle, shotgun, and handgun) to engage various targets
                  in a course of fire. It tests participants'' proficiency with multiple weapons.',null);

INSERT INTO COMPETITIONS(ID,TITLE,STARTING_HOUR,ENDING_HOUR,date,
                         PARTICIPATION_PRICE,BIO,OBJECTIVE)
VALUES (4,'Trap And Skeet','12:00','17:00','2024-06-10',15,'Shotgun games like Trap and Skeet involve shooting clay pigeons
                   launched into the air. In Trap, targets are launched away from the shooter,
                  while in Skeet, targets move in various directions.',null);

INSERT INTO COMPETITIONS(ID,TITLE,STARTING_HOUR,ENDING_HOUR,date,
                         PARTICIPATION_PRICE,BIO,OBJECTIVE)
VALUES (5,'Run And Gun','18:00','22:00','2024-06-27',18,'Combining elements of shooting and physical fitness,
                  Run and Gun events involve participants navigating through
                  a course and engaging targets with various firearms.',null);

INSERT INTO COMPETITIONS(ID,TITLE,STARTING_HOUR,ENDING_HOUR,date,
                         PARTICIPATION_PRICE,BIO,OBJECTIVE)
VALUES (6,'Presicion Rifle Series','10:00','14:00','2024-07-10',35,
        'PRS competitions focus on long-range precision rifle shooting.
                  Shooters engage targets at varying distances and often encounter challenging
                  environmental conditions.',null);

INSERT INTO COMPETITIONS(ID,TITLE,STARTING_HOUR,ENDING_HOUR,date,
                         PARTICIPATION_PRICE,BIO,OBJECTIVE)
VALUES (7,'Precision Pistol','13:00','17:00','2024-08-08',40,
        'Participants aim to hit the center of a target,
                                     with scoring based on proximity to the bullseye.
                                    Variations include different target sizes and distances.',null);




--ALLOWED FIREARMS DATA

INSERT INTO GUNS_COMPETITIONS(ALLOWED_FIREARMS_ID,COMPETITIONS_ID) VALUES(1,1);
INSERT INTO GUNS_COMPETITIONS(ALLOWED_FIREARMS_ID,COMPETITIONS_ID) VALUES(2,1);
INSERT INTO GUNS_COMPETITIONS(ALLOWED_FIREARMS_ID,COMPETITIONS_ID) VALUES(11,1);

INSERT INTO GUNS_COMPETITIONS(ALLOWED_FIREARMS_ID,COMPETITIONS_ID) VALUES(1,2);
INSERT INTO GUNS_COMPETITIONS(ALLOWED_FIREARMS_ID,COMPETITIONS_ID) VALUES(2,2);
INSERT INTO GUNS_COMPETITIONS(ALLOWED_FIREARMS_ID,COMPETITIONS_ID) VALUES(3,2);
INSERT INTO GUNS_COMPETITIONS(ALLOWED_FIREARMS_ID,COMPETITIONS_ID) VALUES(4,2);
INSERT INTO GUNS_COMPETITIONS(ALLOWED_FIREARMS_ID,COMPETITIONS_ID) VALUES(5,2);
INSERT INTO GUNS_COMPETITIONS(ALLOWED_FIREARMS_ID,COMPETITIONS_ID) VALUES(6,2);
INSERT INTO GUNS_COMPETITIONS(ALLOWED_FIREARMS_ID,COMPETITIONS_ID) VALUES(17,2);
INSERT INTO GUNS_COMPETITIONS(ALLOWED_FIREARMS_ID,COMPETITIONS_ID) VALUES(18,2);

INSERT INTO GUNS_COMPETITIONS(ALLOWED_FIREARMS_ID,COMPETITIONS_ID) VALUES(1,3);
INSERT INTO GUNS_COMPETITIONS(ALLOWED_FIREARMS_ID,COMPETITIONS_ID) VALUES(2,3);
INSERT INTO GUNS_COMPETITIONS(ALLOWED_FIREARMS_ID,COMPETITIONS_ID) VALUES(16,3);
INSERT INTO GUNS_COMPETITIONS(ALLOWED_FIREARMS_ID,COMPETITIONS_ID) VALUES(12,3);
INSERT INTO GUNS_COMPETITIONS(ALLOWED_FIREARMS_ID,COMPETITIONS_ID) VALUES(13,3);
INSERT INTO GUNS_COMPETITIONS(ALLOWED_FIREARMS_ID,COMPETITIONS_ID) VALUES(14,3);
INSERT INTO GUNS_COMPETITIONS(ALLOWED_FIREARMS_ID,COMPETITIONS_ID) VALUES(15,3);
INSERT INTO GUNS_COMPETITIONS(ALLOWED_FIREARMS_ID,COMPETITIONS_ID) VALUES(10,3);

INSERT INTO GUNS_COMPETITIONS(ALLOWED_FIREARMS_ID,COMPETITIONS_ID) VALUES(12,4);
INSERT INTO GUNS_COMPETITIONS(ALLOWED_FIREARMS_ID,COMPETITIONS_ID) VALUES(13,4);

INSERT INTO GUNS_COMPETITIONS(ALLOWED_FIREARMS_ID,COMPETITIONS_ID) VALUES(1,5);
INSERT INTO GUNS_COMPETITIONS(ALLOWED_FIREARMS_ID,COMPETITIONS_ID) VALUES(2,5);
INSERT INTO GUNS_COMPETITIONS(ALLOWED_FIREARMS_ID,COMPETITIONS_ID) VALUES(5,5);
INSERT INTO GUNS_COMPETITIONS(ALLOWED_FIREARMS_ID,COMPETITIONS_ID) VALUES(6,5);
INSERT INTO GUNS_COMPETITIONS(ALLOWED_FIREARMS_ID,COMPETITIONS_ID) VALUES(7,5);
INSERT INTO GUNS_COMPETITIONS(ALLOWED_FIREARMS_ID,COMPETITIONS_ID) VALUES(8,5);
INSERT INTO GUNS_COMPETITIONS(ALLOWED_FIREARMS_ID,COMPETITIONS_ID) VALUES(9,5);
INSERT INTO GUNS_COMPETITIONS(ALLOWED_FIREARMS_ID,COMPETITIONS_ID) VALUES(11,5);
INSERT INTO GUNS_COMPETITIONS(ALLOWED_FIREARMS_ID,COMPETITIONS_ID) VALUES(12,5);
INSERT INTO GUNS_COMPETITIONS(ALLOWED_FIREARMS_ID,COMPETITIONS_ID) VALUES(13,5);
INSERT INTO GUNS_COMPETITIONS(ALLOWED_FIREARMS_ID,COMPETITIONS_ID) VALUES(15,5);
INSERT INTO GUNS_COMPETITIONS(ALLOWED_FIREARMS_ID,COMPETITIONS_ID) VALUES(17,5);
INSERT INTO GUNS_COMPETITIONS(ALLOWED_FIREARMS_ID,COMPETITIONS_ID) VALUES(18,5);

INSERT INTO GUNS_COMPETITIONS(ALLOWED_FIREARMS_ID,COMPETITIONS_ID) VALUES(9,6);
INSERT INTO GUNS_COMPETITIONS(ALLOWED_FIREARMS_ID,COMPETITIONS_ID) VALUES(17,6);
INSERT INTO GUNS_COMPETITIONS(ALLOWED_FIREARMS_ID,COMPETITIONS_ID) VALUES(18,6);

INSERT INTO GUNS_COMPETITIONS(ALLOWED_FIREARMS_ID,COMPETITIONS_ID) VALUES(1,7);
INSERT INTO GUNS_COMPETITIONS(ALLOWED_FIREARMS_ID,COMPETITIONS_ID) VALUES(2,7);
INSERT INTO GUNS_COMPETITIONS(ALLOWED_FIREARMS_ID,COMPETITIONS_ID) VALUES(3,7);
INSERT INTO GUNS_COMPETITIONS(ALLOWED_FIREARMS_ID,COMPETITIONS_ID) VALUES(4,7);
INSERT INTO GUNS_COMPETITIONS(ALLOWED_FIREARMS_ID,COMPETITIONS_ID) VALUES(5,7);
INSERT INTO GUNS_COMPETITIONS(ALLOWED_FIREARMS_ID,COMPETITIONS_ID) VALUES(6,7);
INSERT INTO GUNS_COMPETITIONS(ALLOWED_FIREARMS_ID,COMPETITIONS_ID) VALUES (16,7);




-- INSERT INTO RESERVATION(ID,AMOUNT_OF_PARTICIPANTS,DATE,TIME,USERS_ID)
--     VALUES(1,5,'2024-05-01','20:00',1);









--PLAYERS AND COMPS DATA

-- INSERT INTO PARTICIPANTS_COMPETITIONS(PARTICIPANTS_ID,COMPETITIONS_ID) VALUES (1,1);
-- INSERT INTO PARTICIPANTS_COMPETITIONS(PARTICIPANTS_ID,COMPETITIONS_ID) VALUES (2,1);



--USERS DATA

INSERT INTO USERS(ID,FIRST_NAME,LAST_NAME, GENDER,USERNAME,EMAIL_ADDRESS,PHONE_NUMBER,PASSWORD,
                  ADDRESS,POSTAL_CODE,CITY,SS_ID, enabled,IMAGE,ABOUT_ME)
VALUES (1001,'Owen','Talboom','M','owentnt','owentm031111@gmail.com','0494310004',
        '$2a$10$9MIX8kYPkuB7uE/H5nHF8.KG6.YdjBA/voOnjSZnZDxLXL/2BIerS',
        'Duivebergen 2B','3140','Keerbergen','03.11.11.157', true,'/images/owen.jpg','Ik ben klant');


INSERT INTO USERS(ID,FIRST_NAME,LAST_NAME, GENDER,USERNAME,EMAIL_ADDRESS,PHONE_NUMBER,PASSWORD,
                  ADDRESS,POSTAL_CODE,CITY,SS_ID, enabled,IMAGE,ABOUT_ME)
VALUES (1002,'Sara','Pasteels','F','saraps','sara.pasteels@gmail.com','0477 83 14 10',
        '$2a$10$9TeBFudS7HsgCa4sSvP//O627sMq.KiTFrOr8IzrVlYw5c8aoKzNm',
        'Den Bremt 1','3020','Herent','06.14.03.157', true,null,null);

INSERT INTO USERS(ID,FIRST_NAME,LAST_NAME, GENDER,USERNAME,EMAIL_ADDRESS,PHONE_NUMBER,PASSWORD,
                  ADDRESS,POSTAL_CODE,CITY,SS_ID, enabled,IMAGE,ABOUT_ME)
VALUES (1003,'Milan','Keymolen','M','milankeymolen1','milan.keymolen@gmail.com','0478389427',
        '$2a$10$9MIX8kYPkuB7uE/H5nHF8.KG6.YdjBA/voOnjSZnZDxLXL/2BIerS',
        'Duivebergen 9','3140','Keerbergen','05.17.04.157', true,null,'Ik ben user');


INSERT INTO USERS(ID,FIRST_NAME,LAST_NAME, GENDER,USERNAME,EMAIL_ADDRESS,PHONE_NUMBER,PASSWORD,
                  ADDRESS,POSTAL_CODE,CITY,SS_ID, enabled,IMAGE,ABOUT_ME)
VALUES (1004,'Beike','Rogiers','F','beeroger','beike.r@hotmail.com','0478 23 65 00',
        '$2a$10$9TeBFudS7HsgCa4sSvP//O627sMq.KiTFrOr8IzrVlYw5c8aoKzNm',
        'Baalsebaan 203B','3120','Baal','78.08.11.157', true,null,null);




--INSERT INTO USERS (USERNAME, PASSWORD, ENABLED) VALUES ('admin', '$2a$10$9MIX8kYPkuB7uE/H5nHF8.KG6.YdjBA/voOnjSZnZDxLXL/2BIerS', true);
INSERT INTO AUTHORITIES (USERNAME, AUTHORITY)
VALUES ('owentnt', 'ADMIN');
--INSERT INTO USERS (USERNAME, PASSWORD, ENABLED) VALUES ('marie', '$2a$10$9TeBFudS7HsgCa4sSvP//O627sMq.KiTFrOr8IzrVlYw5c8aoKzNm', true);
INSERT INTO AUTHORITIES (USERNAME, AUTHORITY) VALUES ('saraps', 'USER');
INSERT INTO AUTHORITIES (USERNAME, AUTHORITY) VALUES ('milankeymolen1', 'USER');
INSERT INTO AUTHORITIES (USERNAME, AUTHORITY) VALUES ('beeroger', 'ADMIN');



